de,ie,te
0.7972358048041885,0.24399138578434723,0.1945186688110733
0.2994022137693667,0.04311344335281366,0.012908260383052594
2.286790890539686,1.5588816947902966,3.5648364590755177
